Localidades,periodo,0a4,5a9,10a14,15a19,20a24,25a29,30a34,35a39,40a44,45a49,50a54,55a59,60a64,65a69,70a74,maisDe75,cod ibge
Adamantina,2018,1767,1766,1760,2004,2354,2654,2595,2401,2333,2386,2470,2331,2016,1661,1304,2086,3500105
Adolfo,2018,169,179,202,230,245,266,257,236,231,242,252,250,220,175,135,180,3500204
Aguai,2018,2372,2348,2329,2513,2894,3083,3093,2848,2413,2187,2066,1886,1597,1251,875,1164,3500303
Aguas da Prata,2018,377,393,429,482,562,631,598,538,513,520,531,536,464,377,298,509,3500402
Aguas de Lindoia,2018,1252,1163,1032,1190,1344,1353,1414,1445,1333,1245,1196,1072,930,757,565,872,3500501
Aguas de Santa Barbara,2018,382,377,374,430,493,426,410,414,399,401,374,342,306,264,199,274,3500550
Aguas de Sao Pedro,2018,166,142,133,178,232,226,199,207,205,202,208,194,167,158,152,274,3500600
Agudos,2018,2329,2356,2356,2608,2966,3000,2956,2844,2661,2421,2184,1982,1706,1315,917,1227,3500709
Alambari,2018,359,356,396,472,520,504,500,459,376,321,295,272,247,196,142,185,3500758
Alfredo Marcondes,2018,185,185,203,246,279,317,291,260,272,275,274,258,224,197,175,282,3500808
Altair,2018,241,261,283,292,323,333,353,366,305,273,249,194,149,129,107,136,3500907
Altinopolis,2018,895,893,924,1103,1234,1210,1219,1225,1098,995,995,931,842,716,533,744,3501004
Alto Alegre,2018,191,202,217,237,275,303,326,286,265,263,269,265,240,226,187,285,3501103
Aluminio,2018,1243,1243,1296,1443,1462,1417,1457,1478,1392,1268,1101,877,688,528,379,475,3501152
Alvares Florence,2018,133,145,170,208,253,245,230,223,231,282,317,284,256,230,199,267,3501202
Alvares Machado,2018,1314,1354,1507,1770,1924,1944,1804,1666,1673,1687,1621,1424,1188,996,782,1060,3501301
Alvaro de Carvalho,2018,289,275,259,288,559,769,585,426,315,236,220,187,171,133,102,148,3501400
Alvinlandia,2018,238,231,215,239,276,240,229,234,227,189,180,165,142,114,96,127,3501509
Americana,2018,12841,12761,12455,13990,16694,18953,20173,19351,17522,16499,16126,14887,12302,9184,6441,9104,3501608
Americo Brasiliense,2018,2852,2755,2627,2893,3343,3566,3673,3420,3050,2700,2345,1840,1442,1058,725,832,3501707
Americo de Campos,2018,277,288,319,384,434,422,426,406,389,373,411,409,346,274,240,336,3501806
Amparo,2018,3781,3761,3783,4357,5051,5599,5981,5730,5181,4895,4589,4284,3671,2873,2131,3278,3501905
Analandia,2018,287,293,315,344,388,416,408,364,319,303,278,269,223,174,144,221,3502002
Andradina,2018,3218,3229,3162,3544,4134,4317,4276,4220,4156,4017,3841,3603,3032,2469,1975,2750,3502101
Angatuba,2018,1594,1568,1626,1829,2029,2037,1910,1756,1645,1600,1547,1382,1137,900,650,828,3502200
Anhembi,2018,426,427,474,542,597,542,486,479,460,417,378,335,284,221,167,232,3502309
Anhumas,2018,222,222,246,296,337,327,311,284,268,264,268,232,189,152,118,183,3502408
Aparecida,2018,2243,2261,2214,2386,2691,2909,2933,2763,2526,2464,2370,2199,1856,1404,1015,1336,3502507
Aparecida d'Oeste,2018,203,204,223,279,319,295,256,246,287,308,315,284,272,237,173,291,3502606
Apiai,2018,1736,1707,1809,2201,2375,1935,1654,1701,1684,1618,1457,1324,1100,869,641,870,3502705
Aramina,2018,326,316,306,354,424,465,458,409,357,359,382,355,276,217,170,259,3503000
Arandu,2018,388,379,395,480,560,520,454,453,450,387,364,356,310,243,177,238,3503109
Arapei,2018,148,153,168,191,215,193,171,155,153,167,183,164,120,90,72,128,3503158
Araraquara,2018,12488,12484,12196,13650,16802,18840,19959,19141,17169,15346,14830,13870,11759,9331,6730,9794,3503208
Araras,2018,7359,7365,7371,8304,10045,11140,11591,10862,9633,8845,8410,7795,6498,4934,3564,4960,3503307
Aracariguama,2018,1667,1610,1576,1678,1826,1853,1793,1597,1441,1253,1058,900,698,502,356,415,3502754
Aracatuba,2018,10358,10588,10495,11639,13551,14383,15298,15209,14453,13911,13539,12403,10427,8177,5962,8491,3502804
Aracoiaba da Serra,2018,2179,2019,1974,2331,2732,2649,2461,2302,2198,2093,1938,1747,1510,1218,893,1129,3502903
Arco-iris,2018,97,102,103,112,135,144,128,126,122,127,126,120,112,86,79,113,3503356
Arealva,2018,445,436,465,552,621,639,593,550,520,516,553,540,465,400,336,496,3503406
Areias,2018,275,265,281,326,355,306,262,260,265,250,231,207,170,119,92,143,3503505
Areiopolis,2018,765,767,796,891,915,937,946,824,781,764,661,537,411,300,215,278,3503604
Ariranha,2018,547,558,569,624,699,773,853,762,690,638,564,498,434,352,243,367,3503703
Artur Nogueira,2018,3226,3202,3353,3834,4332,4617,4829,4455,3867,3473,3083,2607,2061,1573,1130,1450,3503802
Aruja,2018,6862,6202,5896,6968,7727,7602,7341,6933,6280,5682,5140,4426,3635,2606,1622,1824,3503901
Aspasia,2018,85,87,93,112,129,138,120,102,111,137,153,124,106,91,77,109,3503950
Assis,2018,5816,5867,5758,6359,7695,8456,8464,7736,7328,6779,6630,6223,5315,4156,3073,4529,3504008
Atibaia,2018,9517,8984,8475,9847,10848,11038,11211,10810,10105,9245,8646,7848,6425,4983,3754,5371,3504107
Auriflama,2018,716,739,786,900,1066,1215,1141,1087,1061,1044,1054,935,767,637,514,767,3504206
Avai,2018,321,324,347,403,491,469,389,358,358,342,325,296,249,204,145,202,3504305
Avanhandava,2018,786,774,766,855,1363,1266,1025,901,764,741,707,570,459,360,267,345,3504404
Avare,2018,5387,5482,5526,6127,7005,7092,7214,6939,6376,5752,5345,4889,4251,3389,2444,3451,3504503
Bady Bassitt,2018,862,884,946,1107,1308,1326,1317,1317,1323,1241,1093,946,777,572,421,597,3504602
Balbinos,2018,72,80,89,118,589,770,674,405,212,173,129,98,92,71,43,84,3504701
Balsamo,2018,438,447,442,491,602,640,664,673,633,607,624,564,466,387,301,481,3504800
Bananal,2018,689,694,709,782,853,791,752,772,748,689,670,615,517,430,339,510,3504909
Barao de Antonina,2018,209,211,237,271,290,262,226,211,216,191,200,209,182,141,109,163,3505005
Barbosa,2018,495,470,478,565,647,606,551,496,475,449,453,396,321,262,201,277,3505104
Bariri,2018,1947,1946,2072,2415,2686,2725,2784,2595,2309,2159,2129,2026,1721,1346,1023,1657,3505203
Barra Bonita,2018,1781,1813,1873,2131,2455,2622,2750,2830,2774,2684,2656,2407,1948,1505,1130,1612,3505302
Barra do Chapeu,2018,410,402,418,490,526,423,381,380,366,344,300,274,230,177,141,208,3505351
Barra do Turvo,2018,607,595,633,725,738,557,452,455,466,430,399,382,352,301,242,342,3505401
Barretos,2018,6674,6849,6951,7629,8760,9690,10155,9660,8713,7970,7673,7137,5934,4671,3518,4989,3505500
Barrinha,2018,2388,2373,2346,2480,2678,2854,3050,2806,2369,2032,1739,1437,1093,759,513,657,3505609
Barueri,2018,22546,20814,17781,19456,21010,20975,22257,21836,19771,17811,15879,13180,10228,7183,4416,4650,3505708
Bastos,2018,1256,1284,1326,1449,1567,1560,1493,1444,1411,1439,1447,1290,1046,814,605,853,3505807
Batatais,2018,3404,3423,3528,4029,4673,5010,5001,4795,4260,3864,3832,3612,3163,2478,1792,2653,3505906
Bauru,2018,20843,21199,21498,24050,27654,28985,30351,30079,27215,24835,23656,21786,18414,14295,10416,15202,3506003
Bebedouro,2018,4042,4243,4453,5043,5655,5799,5941,5867,5547,5235,4927,4597,4012,3197,2389,3426,3506102
Bento de Abreu,2018,180,179,182,206,234,232,248,239,220,212,185,148,126,103,77,121,3506201
Bernardino de Campos,2018,673,663,656,731,854,852,765,712,713,699,703,668,565,485,392,649,3506300
Bertioga,2018,5155,4771,4546,5054,5302,5192,5228,4936,4532,3890,3212,2592,2049,1527,1026,1108,3506359
Bilac,2018,405,372,365,478,602,652,652,606,564,553,518,473,422,345,264,405,3506409
Birigui,2018,6457,6607,6822,7649,9107,9891,10192,9960,9434,8952,8225,7161,5950,4603,3377,4573,3506508
Biritiba-Mirim,2018,2269,2202,2267,2593,2828,2752,2615,2351,2150,2029,1826,1540,1241,1068,818,1022,3506607
Boa Esperanca do Sul,2018,958,975,1013,1126,1246,1206,1191,1157,1032,933,890,770,629,493,344,433,3506706
Bocaina,2018,757,728,736,861,973,1020,1034,996,882,789,746,651,535,431,297,452,3506805
Bofete,2018,707,683,743,874,973,894,793,743,707,660,611,559,532,467,373,471,3506904
Boituva,2018,3769,3668,3609,4008,4556,4998,5271,4902,4259,3710,3265,2776,2279,1766,1245,1549,3507001
Bom Jesus dos Perdoes,2018,1577,1524,1598,1858,2054,2078,2085,1950,1724,1559,1385,1218,926,681,526,656,3507100
Bom Sucesso de Itarare,2018,337,319,315,360,394,323,261,260,256,238,198,158,126,97,68,87,3507159
Bora,2018,41,45,48,49,69,71,65,79,64,56,52,53,43,27,20,28,3507209
Boraceia,2018,320,313,307,333,398,424,397,351,313,298,270,240,203,176,137,182,3507308
Borborema,2018,825,842,901,1028,1113,1215,1293,1212,1106,1026,1016,962,808,641,478,717,3507407
Borebi,2018,177,173,180,202,237,230,199,174,169,160,158,132,109,84,54,86,3507456
Botucatu,2018,8560,8478,8504,9522,10796,11486,11962,11499,10286,9104,8477,7898,6837,5416,3945,5820,3507506
Braganca Paulista,2018,10262,9773,9363,11056,13094,13665,13828,13356,12263,10852,9952,9174,7720,6043,4448,5991,3507605
Brauna,2018,305,307,322,360,429,473,503,437,375,351,320,297,274,215,174,310,3507704
Brejo Alegre,2018,145,148,166,209,229,220,219,239,227,190,163,145,129,104,84,115,3507753
Brodowski,2018,1392,1353,1447,1757,2050,2119,1998,1808,1652,1568,1498,1319,1080,844,621,924,3507803
Brotas,2018,1532,1498,1505,1690,1952,1991,1946,1859,1699,1539,1418,1286,1071,836,653,948,3507902
Buri,2018,1641,1603,1589,1734,1726,1513,1382,1354,1311,1185,1042,941,773,598,444,592,3508009
Buritama,2018,932,959,980,1038,1244,1344,1343,1261,1206,1174,1103,1015,847,688,546,697,3508108
Buritizal,2018,242,250,254,270,305,334,363,349,314,287,267,247,222,192,150,213,3508207
Cabralia Paulista,2018,255,271,304,342,387,355,318,323,304,300,267,235,204,160,124,164,3508306
Cabreuva,2018,3524,3435,3500,3880,4284,4392,4374,3989,3502,3156,2739,2192,1671,1281,890,1033,3508405
Cachoeira Paulista,2018,1946,1992,2061,2258,2487,2560,2613,2581,2341,2070,1987,1903,1609,1255,919,1243,3508603
Caconde,2018,1151,1149,1266,1529,1642,1471,1313,1246,1202,1176,1218,1130,958,817,632,886,3508702
Cafelandia,2018,1071,1065,1033,1151,1337,1353,1345,1322,1248,1150,1079,1000,890,717,534,826,3508801
Caiabu,2018,253,247,237,272,320,343,313,262,256,290,306,261,206,168,137,228,3508900
Caieiras,2018,6623,6541,6625,7533,8560,8642,8504,7981,7382,6901,6356,5323,4065,2900,1850,1977,3509007
Caiua,2018,294,284,323,434,513,469,413,367,343,377,395,355,275,228,168,251,3509106
Cajamar,2018,5905,5604,5299,5836,6578,6893,7040,6554,5758,4932,4189,3465,2617,1779,1157,1304,3509205
Cajati,2018,2254,2241,2300,2585,2670,2224,1993,2070,2035,1777,1579,1386,1152,902,670,957,3509254
Cajobi,2018,525,531,578,675,757,868,901,813,700,672,670,624,505,416,328,483,3509304
Cajuru,2018,1768,1699,1662,1880,2167,2199,2061,1883,1726,1618,1524,1357,1115,871,670,1006,3509403
Campina do Monte Alegre,2018,385,384,411,474,491,453,447,418,385,369,357,313,262,228,160,226,3509452
Campinas,2018,70199,68967,65383,73885,87477,96032,104447,101700,90078,80003,74139,67460,57699,44583,32018,44874,3509502
Campo Limpo Paulista,2018,5502,5480,5444,5937,6733,7023,7056,6660,6018,5506,4993,4478,3732,2742,1767,2055,3509601
Campos do Jordao,2018,3702,3545,3413,3881,4232,4025,3893,3878,3744,3508,3204,2741,2147,1534,1015,1204,3509700
Campos Novos Paulista,2018,297,305,341,386,403,354,342,353,321,300,302,263,216,199,160,218,3509809
Cananeia,2018,911,889,911,1054,1111,910,799,845,863,736,671,654,589,476,360,510,3509908
Canas,2018,375,375,387,406,443,433,419,369,312,298,296,253,192,143,99,129,3509957
Candido Mota,2018,1722,1799,1864,2031,2309,2406,2373,2168,2078,2052,2066,1908,1607,1267,954,1393,3510005
Candido Rodrigues,2018,135,133,136,157,168,209,219,183,173,179,200,197,151,128,123,183,3510104
Canitar,2018,367,355,401,485,449,401,395,396,353,282,240,213,168,140,98,119,3510153
Capao Bonito,2018,3335,3280,3372,3896,4053,3644,3360,3368,3308,3016,2716,2406,2027,1650,1262,1610,3510203
Capela do Alto,2018,1403,1311,1380,1659,1835,1826,1711,1550,1429,1272,1131,958,780,638,476,554,3510302
Capivari,2018,3633,3564,3546,3880,4346,4652,4659,4363,3959,3569,3265,2804,2289,1703,1196,1672,3510401
Caraguatatuba,2018,7903,7657,7719,8759,9695,9554,9289,9051,8396,7450,6534,5709,5017,4044,2914,3517,3510500
Carapicuiba,2018,30082,29480,27437,29450,30548,30340,32950,33303,30292,26793,23214,19852,16772,12705,8213,8579,3510609
Cardoso,2018,613,657,720,769,853,898,881,835,788,765,787,776,701,580,467,650,3510708
Casa Branca,2018,1778,1738,1700,1960,2508,2557,2543,2379,1926,1818,1847,1676,1477,1183,860,1286,3510807
Cassia dos Coqueiros,2018,135,139,156,190,217,194,168,170,157,172,172,168,145,117,81,137,3510906
Castilho,2018,1294,1285,1303,1459,1745,1756,1596,1466,1463,1378,1255,1137,961,764,563,766,3511003
Catanduva,2018,6245,6436,6388,6988,8349,9226,9809,9605,8769,8339,8096,7354,6324,5026,3733,5748,3511102
Catigua,2018,422,434,459,499,540,595,651,636,563,532,525,457,370,287,199,286,3511201
Cacapava,2018,5878,5886,5794,6317,6987,7133,7447,7449,6861,6214,5696,5173,4330,3374,2441,3077,3508504
Cedral,2018,446,446,474,564,645,687,714,692,667,614,571,514,448,371,311,509,3511300
Cerqueira Cesar,2018,1238,1219,1290,1441,1603,1663,1511,1363,1301,1215,1123,1030,877,702,529,774,3511409
Cerquilho,2018,2710,2659,2663,3074,3626,3928,4174,3913,3503,3080,2824,2525,2134,1636,1147,1568,3511508
Cesario Lange,2018,1086,1087,1089,1182,1356,1466,1590,1492,1321,1128,970,844,710,607,462,561,3511607
Charqueada,2018,1115,1082,1072,1201,1399,1517,1515,1348,1207,1073,939,864,712,558,414,555,3511706
Chavantes,2018,858,848,817,895,977,900,887,915,863,812,749,687,602,498,388,505,3557204
Clementina,2018,600,590,558,539,613,798,866,689,532,470,444,397,319,244,167,261,3511904
Colina,2018,1015,1033,1071,1223,1366,1446,1495,1372,1239,1195,1183,1079,872,697,531,751,3512001
Colombia,2018,420,403,381,437,498,513,485,482,455,403,368,337,274,219,171,191,3512100
Conchal,2018,1932,1871,1839,2070,2296,2395,2418,2181,1866,1684,1570,1348,1101,851,629,830,3512209
Conchas,2018,1117,1134,1167,1249,1310,1275,1278,1226,1138,1078,1085,1026,865,674,534,810,3512308
Cordeiropolis,2018,1546,1490,1485,1693,1908,2069,2160,2018,1820,1609,1423,1253,1046,797,580,835,3512407
Coroados,2018,320,335,356,384,477,514,493,464,444,403,361,339,297,230,158,227,3512506
Coronel Macedo,2018,283,303,343,389,428,364,328,304,314,319,320,329,270,205,154,211,3512605
Corumbatai,2018,229,229,250,312,340,311,316,299,286,270,246,223,187,157,123,167,3512704
Cosmopolis,2018,4521,4506,4647,5104,5699,6196,6428,6027,5280,4656,4217,3555,2744,2032,1433,1793,3512803
Cosmorama,2018,326,343,371,438,482,479,534,532,469,478,497,476,445,388,312,468,3512902
Cotia,2018,18743,17290,16317,18542,20454,20278,20474,20079,18221,16129,14212,12023,9534,6763,4300,4830,3513009
Cravinhos,2018,2103,2087,2155,2485,2808,2910,2959,2788,2493,2283,2103,1901,1591,1187,861,1182,3513108
Cristais Paulista,2018,533,511,524,616,693,735,711,657,573,510,492,492,417,301,209,291,3513207
Cruzalia,2018,118,119,116,131,161,158,151,138,142,150,194,165,129,95,66,111,3513306
Cruzeiro,2018,5157,5182,5091,5557,6142,6160,6235,6264,5760,5215,5140,4894,4127,3174,2266,3022,3513405
Cubatao,2018,8801,8908,9074,9785,10227,10487,11118,10897,9726,8826,8173,6888,5326,3672,2389,2782,3513504
Cunha,2018,1313,1267,1342,1701,1889,1714,1482,1493,1499,1529,1487,1290,1071,889,745,976,3513603
Descalvado,2018,1721,1780,1842,2090,2448,2633,2782,2645,2396,2250,2114,1974,1677,1333,993,1498,3513702
Diadema,2018,29756,28580,26894,30031,33119,33941,35851,34597,31307,28181,24750,20547,16331,11725,7459,8090,3513801
Dirce Reis,2018,88,93,94,96,116,142,124,112,120,123,122,115,93,80,79,116,3513850
Divinolandia,2018,636,610,562,658,818,860,816,800,777,777,757,717,664,544,388,556,3513900
Dobrada,2018,623,630,637,678,733,788,860,784,630,521,470,390,305,248,180,233,3514007
Dois Corregos,2018,1970,1921,1792,1831,2027,2157,2234,2142,1886,1676,1544,1387,1162,951,724,1122,3514106
Dolcinopolis,2018,101,102,111,137,149,154,128,131,165,137,141,146,128,108,83,130,3514205
Dourado,2018,448,463,486,540,614,674,672,646,611,585,571,559,484,391,300,462,3514304
Dracena,2018,2373,2346,2303,2631,3488,3629,3489,3381,3167,3183,3081,2944,2565,2035,1583,2496,3514403
Duartina,2018,657,671,699,783,871,935,893,884,848,826,817,761,687,570,432,697,3514502
Dumont,2018,536,537,589,692,787,890,950,825,669,589,552,497,420,304,198,286,3514601
Echapora,2018,402,407,397,430,511,483,445,420,397,399,414,383,314,278,216,339,3514700
Eldorado,2018,1244,1171,1209,1463,1518,1159,959,959,920,858,800,694,586,502,417,613,3514809
Elias Fausto,2018,1076,1075,1135,1315,1449,1493,1566,1426,1273,1168,1029,867,720,536,391,529,3514908
Elisiario,2018,184,188,187,206,267,304,329,310,283,239,195,176,165,139,98,158,3514924
Embauba,2018,135,138,141,154,158,176,212,196,169,166,176,150,129,106,81,122,3514957
Embu das Artes,2018,21569,20576,19076,21033,22462,21782,22552,22738,20864,18081,15134,12358,10094,7333,4696,4439,3515004
Embu-Guacu,2018,4687,4614,4796,5599,5928,5494,5407,5285,4974,4442,3947,3476,2860,2139,1534,1811,3515103
Emilianopolis,2018,154,159,174,196,224,253,227,211,222,223,221,201,158,138,122,180,3515129
Engenheiro Coelho,2018,1434,1396,1419,1563,1740,1958,2162,1864,1403,1156,1025,789,561,429,314,415,3515152
Espirito Santo do Pinhal,2018,2361,2374,2405,2826,3252,3339,3403,3267,3137,3084,2953,2674,2287,1808,1342,1949,3515186
Espirito Santo do Turvo,2018,337,331,346,379,405,431,407,360,314,279,273,248,194,151,106,124,3515194
Estiva Gerbi,2018,658,657,686,775,910,963,969,882,797,763,711,640,511,376,250,329,3557303
Estrela d'Oeste,2018,428,439,449,508,548,583,643,635,607,577,565,551,467,381,298,440,3515202
Estrela do Norte,2018,162,172,181,190,227,241,200,174,175,185,197,170,118,88,73,108,3515301
Euclides da Cunha Paulista,2018,628,641,695,798,865,770,662,640,670,671,617,507,408,321,256,374,3515350
Fartura,2018,963,966,987,1101,1233,1219,1181,1128,1045,1017,1015,955,831,663,524,742,3515400
Fernando Prestes,2018,269,290,310,329,377,420,442,418,402,402,384,339,305,277,235,368,3515608
Fernandopolis,2018,3336,3385,3489,4064,4687,5033,5185,5088,4840,4732,4698,4409,3850,3063,2388,3640,3515509
Fernao,2018,91,91,102,122,133,125,127,126,123,108,93,86,82,74,65,83,3515657
Ferraz de Vasconcelos,2018,14210,13625,13510,15456,17288,16957,16452,15138,13685,12592,11110,9198,7226,5055,3179,3354,3515707
Flora Rica,2018,80,77,79,104,146,122,101,92,90,115,135,109,87,81,73,124,3515806
Floreal,2018,119,112,118,165,190,212,199,188,185,207,225,221,198,169,140,236,3515905
Florida Paulista,2018,679,700,711,778,1119,1224,1110,964,794,761,754,682,552,460,390,571,3516002
Florinia,2018,161,161,169,194,213,197,182,187,182,184,190,170,154,138,107,133,3516101
Franca,2018,21645,21561,21768,24451,26903,27894,28028,26231,24395,23231,22203,19876,16290,12568,9014,11680,3516200
Francisco Morato,2018,13487,13240,13385,14857,15808,14940,14585,13615,11946,10509,9276,7961,6596,4554,2749,2681,3516309
Franco da Rocha,2018,10967,10370,10008,11674,14457,14240,13404,12691,10927,9236,7922,6745,5757,4303,2705,2720,3516408
Gabriel Monteiro,2018,123,133,141,153,172,187,203,193,182,214,225,188,164,136,110,168,3516507
Galia,2018,333,358,389,439,504,490,482,499,492,460,409,415,408,322,257,372,3516606
Garca,2018,2400,2514,2630,2923,3234,3288,3296,3263,3150,2874,2781,2576,2329,1895,1372,2072,3516705
Gastao Vidigal,2018,309,303,286,280,300,409,581,447,308,262,255,225,196,176,144,183,3516804
Gaviao Peixoto,2018,286,295,314,340,367,407,422,371,335,324,292,236,183,146,102,152,3516853
General Salgado,2018,547,578,599,648,757,841,848,778,742,753,791,741,622,505,380,533,3516903
Getulina,2018,595,592,626,740,967,1148,1029,828,768,653,587,578,510,403,321,482,3517000
Glicerio,2018,291,297,308,338,390,352,331,347,339,327,295,273,250,206,155,215,3517109
Guaimbe,2018,363,370,382,416,466,438,427,408,364,353,337,296,253,206,173,255,3517307
Guaira,2018,2149,2273,2432,2691,2912,2977,3231,3273,3036,2804,2603,2309,1953,1553,1140,1430,3517406
Guaicara,2018,793,775,773,861,980,1020,1019,909,823,778,728,634,517,392,285,411,3517208
Guapiara,2018,1331,1266,1280,1547,1641,1363,1129,1130,1157,1153,1118,981,781,637,505,722,3517604
Guapiacu,2018,1129,1114,1137,1309,1554,1779,1864,1694,1574,1480,1371,1167,964,774,581,802,3517505
Guara,2018,1413,1454,1568,1676,1673,1631,1643,1667,1504,1301,1185,1063,911,740,530,663,3517703
Guaraci,2018,731,727,718,752,859,957,970,869,739,689,649,544,466,393,303,415,3517901
Guarani d'Oeste,2018,94,106,121,129,137,141,149,134,127,130,141,131,112,82,67,131,3518008
Guaranta,2018,408,429,470,525,557,523,522,500,447,405,361,335,318,252,182,227,3518107
Guararapes,2018,1956,1947,1851,2040,2309,2462,2558,2431,2275,2223,2230,2045,1638,1299,1019,1539,3518206
Guararema,2018,2115,1917,1820,2220,2511,2455,2368,2267,2038,1864,1727,1481,1245,1026,732,906,3518305
Guaratingueta,2018,7468,7233,6872,7825,8916,9285,9337,9107,8619,8214,7943,7386,6140,4770,3485,4577,3518404
Guaracai,2018,489,477,465,541,588,585,604,580,599,611,606,564,475,406,319,515,3517802
Guarei,2018,795,779,828,1016,1721,1971,1635,1292,1200,943,795,705,584,445,331,472,3518503
Guariba,2018,2622,2665,2675,2836,3127,3395,3637,3349,2781,2498,2314,1987,1536,1096,752,1074,3518602
Guaruja,2018,22118,21924,21943,24203,26013,25283,25255,24900,23496,21728,19618,16808,13411,9744,6629,8055,3518701
Guarulhos,2018,98358,94189,91169,104020,115697,112893,111875,108374,100927,91759,80987,67577,53880,39056,25726,29263,3518800
Guatapara,2018,468,481,528,583,624,610,585,572,513,451,405,412,381,291,198,243,3518859
Guzolandia,2018,304,310,335,372,406,422,405,389,356,321,298,291,270,206,147,206,3518909
Herculandia,2018,588,580,608,694,731,730,716,713,666,618,581,525,424,316,262,395,3519006
Holambra,2018,1037,920,849,1008,1131,1193,1206,1172,1105,997,869,741,611,437,283,342,3519055
Hortolandia,2018,14606,14270,14629,17072,20887,21573,20888,18834,16842,15113,13388,11277,8790,6072,3866,4542,3519071
Iacanga,2018,682,663,665,753,889,954,967,922,846,736,662,592,516,432,318,463,3519105
Iacri,2018,366,384,394,413,447,469,477,437,422,441,451,403,337,288,228,348,3519204
Iaras,2018,379,389,420,704,565,545,659,594,510,479,381,362,294,213,152,139,3519253
Ibate,2018,2380,2364,2336,2563,2875,3104,3255,2926,2493,2170,1998,1716,1301,946,650,879,3519303
Ibira,2018,712,698,679,726,869,1023,1093,978,812,733,728,692,607,479,389,623,3519402
Ibirarema,2018,466,454,483,569,654,637,571,534,491,496,502,395,309,261,218,311,3519501
Ibitinga,2018,3462,3431,3364,3715,4389,5008,5262,4829,4312,3964,3749,3375,2729,2124,1585,2213,3519600
Ibiuna,2018,5096,5059,5327,6194,6576,6114,6004,5893,5426,4955,4504,3951,3240,2656,1985,2410,3519709
Icem,2018,566,551,523,557,600,658,733,667,570,507,472,416,359,285,197,261,3519808
Iepe,2018,498,492,488,540,633,615,573,558,532,524,532,484,402,317,256,415,3519907
Igarapava,2018,1740,1812,1871,1968,2138,2375,2591,2453,2131,1910,1852,1710,1398,1087,848,1292,3520103
Igarata,2018,636,616,625,731,765,707,678,675,649,620,573,505,459,376,268,334,3520202
Igaracu do Tiete,2018,1527,1557,1563,1696,1870,2001,2041,1927,1800,1729,1686,1442,1095,763,537,742,3520004
Iguape,2018,1857,1850,2108,2518,2502,2071,1809,1941,1994,1932,1835,1701,1465,1227,1003,1498,3520301
Ilha Comprida,2018,681,631,650,794,855,694,597,604,583,576,623,659,636,555,426,467,3520426
Ilha Solteira,2018,1320,1357,1372,1563,1941,2051,1883,1752,1897,2002,1898,1715,1508,1260,962,1162,3520442
Ilhabela,2018,2435,2335,2265,2502,2666,2785,2991,2906,2564,2196,1897,1526,1172,868,601,765,3520400
Indaiatuba,2018,14565,14243,14273,16275,18975,21013,22041,20820,18384,16371,15034,13050,10507,7887,5452,7074,3520509
Indiana,2018,275,277,269,304,363,393,382,360,356,340,330,286,243,203,165,239,3520608
Indiapora,2018,231,214,196,226,250,275,281,274,257,251,257,265,257,205,173,248,3520707
Inubia Paulista,2018,229,222,221,263,306,310,322,291,278,260,252,238,194,145,116,195,3520806
Ipaussu,2018,919,950,1008,1084,1172,1171,1168,1087,1053,935,851,790,638,515,413,579,3520905
Ipero,2018,2106,2115,2312,2668,3355,3389,3244,2757,2272,2029,1769,1558,1316,935,611,759,3521002
Ipeuna,2018,470,465,514,579,657,704,663,607,537,460,387,328,279,215,151,228,3521101
Ipigua,2018,289,281,293,345,410,443,415,385,371,342,326,291,261,227,171,233,3521150
Iporanga,2018,345,327,334,395,437,351,293,302,291,250,223,218,187,132,106,189,3521200
Ipua,2018,1058,1028,1072,1211,1251,1353,1456,1363,1185,1007,888,769,617,497,339,432,3521309
Iracemopolis,2018,1422,1399,1415,1579,1792,2024,2240,2048,1737,1580,1450,1308,1032,714,508,734,3521408
Irapua,2018,419,450,486,503,574,661,739,650,544,475,454,439,398,321,226,308,3521507
Irapuru,2018,299,312,348,493,769,890,645,492,448,449,439,418,373,333,268,443,3521606
Itabera,2018,1157,1163,1204,1401,1568,1358,1242,1218,1137,1190,1173,1033,876,696,519,704,3521705
Itai,2018,1761,1737,1763,1947,2200,2217,2234,2198,1985,1704,1551,1395,1117,874,572,747,3521804
Itajobi,2018,690,717,756,874,1011,1117,1161,1125,1081,1037,1035,967,867,745,577,856,3521903
Itaju,2018,194,197,230,275,309,325,347,286,231,212,195,188,176,154,107,151,3522000
Itanhaem,2018,7263,6851,6843,7710,8275,7485,6778,6560,6263,5733,5308,5088,4802,4196,3250,3989,3522109
Ita�ca,2018,211,199,211,292,324,221,171,191,211,209,188,187,168,124,103,176,3522158
Itapecerica da Serra,2018,13113,12624,12047,13548,15295,14196,13890,13595,12636,11418,9604,7812,6261,4493,2795,2902,3522208
Itapetininga,2018,10581,10298,10545,12205,14225,13907,13197,12368,11101,9794,8990,8354,7044,5371,3818,5175,3522307
Itapeva,2018,6600,6499,6659,7628,8126,7450,6962,6853,6391,5809,5485,4805,3780,2937,2129,2726,3522406
Itapevi,2018,18988,17895,17435,19637,21317,20660,20161,18953,16864,14809,12533,10192,7940,5543,3511,3544,3522505
Itapira,2018,3752,3732,3773,4508,5462,5924,6041,5744,5222,5014,4884,4529,3948,3079,2233,3189,3522604
Itapirapu� Paulista,2018,334,315,344,418,406,329,283,281,273,240,196,168,148,130,110,134,3522653
It�polis,2018,2204,2214,2332,2696,3064,3362,3489,3306,3065,2959,2839,2557,2104,1705,1349,2017,3522703
Itaporanga,2018,1009,1012,1048,1147,1155,1047,1031,1059,951,883,887,882,796,638,466,642,3522802
Itapu�,2018,848,872,927,979,1107,1197,1201,1084,936,847,797,748,640,478,322,484,3522901
Itapura,2018,275,280,312,361,423,438,385,359,345,315,296,271,227,190,143,184,3523008
Itaquaquecetuba,2018,28119,27222,27801,31494,33772,32214,30886,28807,26169,23523,20466,16914,13163,8903,5499,5510,3523107
Itarar�,2018,3340,3289,3415,4000,4360,4016,3656,3522,3360,3186,2922,2646,2237,1756,1279,1776,3523206
Itariri,2018,1126,1174,1396,1572,1699,1455,1238,1211,1122,1006,874,764,651,522,453,639,3523305
Itatiba,2018,6930,6751,6808,7941,9087,10003,10727,10027,8818,7928,7355,6538,5347,4004,2807,3764,3523404
Itatinga,2018,1616,1557,1512,1608,1744,1773,1723,1554,1375,1238,1120,966,758,544,395,550,3523503
Itirapina,2018,954,931,946,1178,1980,2043,1764,1342,1102,999,887,748,604,488,352,522,3523602
Itirapu�,2018,388,404,457,518,559,522,470,451,439,390,349,319,279,242,177,240,3523701
Itobi,2018,416,443,489,542,601,651,668,618,537,464,479,469,395,302,220,302,3523800
Itu,2018,11286,10943,10503,11755,13284,13854,14374,14013,12803,11600,10609,9361,7552,5690,3949,5171,3523909
Itupeva,2018,4134,3961,3859,4219,4679,5053,5403,5138,4423,3752,3238,2677,2096,1504,979,1170,3524006
Ituverava,2018,2341,2357,2384,2734,3070,3108,3253,3271,2918,2611,2531,2442,2139,1713,1300,1794,3524105
Jaborandi,2018,418,421,422,447,487,560,596,523,457,448,434,385,314,252,201,299,3524204
Jaboticabal,2018,4060,4155,4327,4944,5471,5945,6264,6109,5582,5047,4808,4507,3938,3071,2262,3276,3524303
Jacare�,2018,15269,15035,14507,16008,17304,17159,17712,18066,17271,15932,14721,13069,11011,8591,5958,7162,3524402
Jaci,2018,380,379,403,467,553,603,647,613,527,465,436,381,291,215,150,202,3524501
Jacupiranga,2018,1162,1203,1325,1482,1559,1326,1167,1216,1180,1083,1047,925,772,630,471,647,3524600
Jaguari�na,2018,3594,3399,3205,3618,4245,4688,5019,4741,4190,3662,3181,2746,2216,1672,1223,1619,3524709
Jales,2018,2354,2454,2505,2826,3303,3480,3622,3663,3524,3440,3469,3233,2753,2263,1782,2549,3524808
Jambeiro,2018,389,374,394,465,518,537,513,485,428,383,366,342,278,211,160,221,3524907
Jandira,2018,8476,8444,8552,9472,10393,10641,11175,10642,9312,8281,7318,6026,4716,3251,1929,1895,3525003
Jardin�polis,2018,2693,2710,2870,3197,3591,3714,3635,3292,2912,2665,2513,2222,1914,1525,1067,1396,3525102
Jarinu,2018,2030,1893,1897,2194,2513,2567,2486,2366,2117,1887,1617,1388,1188,970,675,854,3525201
Ja�,2018,8583,8584,8704,9720,11109,12113,12749,12258,10932,9737,9139,8546,7265,5488,3833,5632,3525300
Jeriquara,2018,197,213,241,261,276,257,249,231,241,231,177,148,132,103,76,111,3525409
Joan�polis,2018,719,733,760,822,941,1075,1059,962,876,838,790,748,662,538,402,575,3525508
Jo�o Ramalho,2018,278,288,302,326,370,390,359,331,321,292,288,246,176,129,97,143,3525607
Jos� Bonif�cio,2018,2076,2031,2063,2400,2832,3131,3150,2919,2595,2370,2277,2059,1715,1309,996,1425,3525706
J�lio Mesquita,2018,315,286,297,387,411,379,343,336,310,294,273,231,211,185,142,193,3525805
Jumirim,2018,186,174,192,243,267,318,328,282,241,203,186,158,132,95,76,130,3525854
Jundia�,2018,24320,24027,22792,24900,28366,31387,34619,34492,31298,28374,26691,24323,20534,15843,11657,16926,3525904
Junqueir�polis,2018,1087,1065,1064,1210,1643,1854,1737,1441,1323,1354,1321,1149,1004,840,664,1042,3526001
Juqui�,2018,1343,1314,1389,1710,1806,1357,1192,1265,1251,1148,1072,1009,902,739,569,796,3526100
Juquitiba,2018,2283,2207,2255,2637,2724,2342,2204,2183,2141,1947,1755,1509,1287,1011,717,838,3526209
Lagoinha,2018,267,259,283,357,414,377,305,317,322,334,335,293,247,219,189,300,3526308
Laranjal Paulista,2018,1761,1673,1642,1921,2157,2259,2334,2179,1936,1731,1641,1574,1377,1101,820,1221,3526407
Lav�nia,2018,253,269,282,364,1026,1571,1276,771,536,441,408,360,272,229,191,298,3526506
Lavrinhas,2018,536,538,525,571,628,575,576,557,510,457,399,355,292,213,141,178,3526605
Leme,2018,6533,6513,6516,7148,8115,8745,9100,8365,7154,6397,5994,5261,4325,3438,2427,3141,3526704
Len��is Paulista,2018,3955,4039,4220,4757,5281,5444,5673,5548,4943,4475,4240,3729,3040,2322,1606,2127,3526803
Limeira,2018,16945,17229,17613,19837,22464,23880,25276,24300,22189,20581,19563,18011,15117,11247,7802,10443,3526902
Lind�ia,2018,422,445,474,513,608,642,650,601,566,533,477,412,378,299,209,315,3527009
Lins,2018,4229,4269,4270,5036,5600,5899,6271,6030,5447,5119,4947,4603,3958,3114,2247,3402,3527108
Lorena,2018,5831,5738,5557,6115,6683,6841,6924,6693,6090,5506,5349,5062,4299,3411,2509,3231,3527207
Lourdes,2018,96,103,119,137,162,183,168,173,160,160,155,135,120,103,88,112,3527256
Louveira,2018,3394,3262,2982,3104,3663,4518,5163,4641,3654,2928,2520,2057,1542,1099,737,961,3527306
Luc�lia,2018,1133,1124,1191,1376,1531,1705,1775,1695,1581,1468,1401,1247,1046,855,689,989,3527405
Lucian�polis,2018,139,137,147,183,187,158,166,188,170,136,104,101,129,122,88,101,3527504
Lu�s Ant�nio,2018,939,914,952,1111,1302,1347,1308,1163,968,845,777,663,489,347,237,292,3527603
Luizi�nia,2018,371,351,340,378,454,523,565,476,364,320,339,321,248,185,142,230,3527702
Lup�rcio,2018,300,300,302,338,380,337,329,337,296,263,269,242,202,189,142,181,3527801
Lut�cia,2018,160,161,167,191,201,214,197,195,172,167,174,161,136,111,89,141,3527900
Macatuba,2018,1128,1124,1124,1252,1351,1341,1362,1311,1176,1109,1119,1020,776,565,419,624,3528007
Macaubal,2018,354,388,420,439,528,585,612,590,541,550,561,521,468,388,312,485,3528106
Maced�nia,2018,160,173,199,230,257,257,246,271,251,249,257,247,238,201,148,207,3528205
Magda,2018,159,168,159,170,215,219,218,218,221,219,232,219,190,169,140,194,3528304
Mairinque,2018,3228,3179,3156,3533,3763,3608,3600,3583,3338,3114,2951,2577,2062,1565,1134,1341,3528403
Mairipor�,2018,6345,5825,5923,7627,8745,8376,7765,7440,7217,6637,6002,5251,4186,3217,2208,2358,3528502
Manduri,2018,547,576,615,653,742,770,748,720,660,632,625,570,455,378,308,427,3528601
Marab� Paulista,2018,224,229,239,310,724,597,459,366,325,271,256,265,198,149,122,171,3528700
Maraca�,2018,836,833,841,943,1017,1057,1092,1046,967,925,905,835,695,550,419,528,3528809
Marapoama,2018,155,143,146,190,214,232,258,226,210,203,181,178,158,133,95,134,3528858
Mari�polis,2018,234,240,238,248,303,333,348,305,256,240,268,246,202,169,124,210,3528908
Mar�lia,2018,13313,13256,13060,15017,17833,18792,18882,18101,17191,16101,15149,13868,11824,9320,6931,10125,3529005
Marin�polis,2018,117,108,113,157,165,158,137,136,156,174,158,146,121,88,68,96,3529104
Martin�polis,2018,1470,1449,1490,1735,2257,2369,2100,1851,1682,1689,1700,1486,1203,971,793,1139,3529203
Mat�o,2018,4592,4617,4554,5182,5968,6502,6880,6593,6047,5581,5482,5067,4228,3135,2131,2894,3529302
Mau�,2018,29533,29194,29540,33868,39031,40197,41514,38781,34512,31163,28268,24077,19147,13777,9017,10328,3529401
Mendon�a,2018,232,236,260,323,403,438,458,399,334,331,362,305,249,215,168,258,3529500
Meridiano,2018,180,193,210,239,268,270,294,282,279,271,275,269,216,157,134,225,3529609
Mes�polis,2018,118,122,112,120,160,139,122,118,137,139,134,118,104,84,68,95,3529658
Miguel�polis,2018,1393,1433,1507,1603,1658,1691,1736,1745,1577,1422,1299,1168,986,774,587,663,3529708
Mineiros do Tiet�,2018,810,800,816,931,1026,1001,993,1004,883,801,768,739,641,478,311,485,3529807
Mira Estrela,2018,139,140,160,200,237,227,197,185,207,215,188,190,198,166,118,149,3530003
Miracatu,2018,1628,1601,1610,1819,1841,1427,1237,1310,1289,1224,1151,1015,867,700,530,722,3529906
Mirand�polis,2018,1565,1499,1408,1583,2154,2716,2642,2430,2105,1856,1863,1720,1391,1200,932,1374,3530102
Mirante do Paranapanema,2018,998,1018,1138,1343,1452,1371,1249,1171,1161,1215,1234,1106,923,743,603,909,3530201
Mirassol,2018,3085,3146,3231,3604,4194,4634,4763,4622,4480,4237,4041,3574,2959,2332,1708,2452,3530300
Mirassol�ndia,2018,274,271,281,325,368,370,368,360,332,306,297,256,226,192,164,231,3530409
Mococa,2018,3744,3870,4013,4504,5072,5299,5296,5230,4788,4501,4359,4214,3732,2945,2162,2926,3530508
Mogi das Cruzes,2018,29042,28414,28827,32722,35502,35029,35199,33824,31212,28486,26447,23492,19014,14156,9908,12638,3530607
Mogi Gua�u,2018,8990,8854,8671,9877,11415,12131,12549,12101,10910,10079,9680,8788,7352,5698,4065,5040,3530706
Mogi Mirim,2018,5119,5205,5212,5897,6620,7019,7322,7217,6769,6382,6171,5736,4865,3784,2723,3697,
Mombuca,2018,226,231,236,253,285,271,265,253,234,226,213,182,142,100,81,122,3530904
Mongagu�,2018,3789,3589,3641,4204,4796,4447,3916,3699,3413,3024,2884,2804,2614,2282,1771,2097,3531100
Monte Alegre do Sul,2018,406,407,423,486,583,632,616,572,546,541,528,513,420,320,259,390,3531209
Monte Alto,2018,2547,2575,2600,2991,3520,3751,4005,3955,3614,3449,3317,3070,2698,2126,1558,2331,3531308
Monte Apraz�vel,2018,1207,1260,1322,1391,1589,1897,2041,1927,1743,1634,1566,1408,1234,1000,766,1196,3531407
Monte Azul Paulista,2018,1029,1062,1066,1199,1397,1465,1497,1403,1303,1305,1273,1146,972,765,584,869,3531506
Monte Castelo,2018,185,184,205,270,302,294,285,285,276,261,285,278,255,210,167,259,3531605
Monte Mor,2018,4230,3988,3840,4426,5156,5251,5138,4799,4436,3799,3186,2685,2224,1704,1169,1392,3531803
Monteiro Lobato,2018,244,245,287,354,390,347,306,302,310,300,280,260,224,183,147,219,3531704
Mon��es,2018,112,116,113,121,131,146,176,157,159,149,158,166,127,112,94,132,3531001
Morro Agudo,2018,2306,2310,2264,2351,2554,2743,2974,2787,2336,2018,1832,1546,1209,946,687,833,3531902
Morungaba,2018,881,840,814,931,1064,1107,1128,1088,995,861,774,670,559,463,358,425,3532009
Motuca,2018,273,278,297,324,357,400,384,376,327,294,303,281,228,168,120,159,3532058
Murutinga do Sul,2018,182,184,221,285,337,312,288,273,285,319,330,304,255,228,182,279,3532108
Nantes,2018,215,203,212,252,273,259,242,219,221,213,181,144,116,84,70,96,3532157
Narandiba,2018,360,330,320,363,415,427,369,346,333,322,302,239,192,146,112,151,3532207
Natividade da Serra,2018,426,411,411,483,547,454,422,435,417,428,457,417,385,330,260,407,3532306
Nazar� Paulista,2018,1255,1136,1085,1349,1545,1544,1487,1364,1274,1179,1070,944,823,675,547,764,3532405
Neves Paulista,2018,366,383,403,473,547,619,708,692,650,654,654,608,524,443,366,569,3532504
Nhandeara,2018,473,502,529,584,701,811,866,802,752,767,815,779,690,576,464,676,3532603
Nipo�,2018,307,308,300,312,374,453,487,424,378,331,293,235,191,159,120,171,3532702
Nova Alian�a,2018,350,357,370,416,502,518,532,497,453,412,417,389,317,251,213,348,3532801
Nova Campina,2018,772,715,743,917,1004,830,723,696,624,571,505,417,308,231,167,202,3532827
Nova Cana� Paulista,2018,82,85,92,114,133,118,109,119,139,137,146,164,147,129,104,152,3532843
Nova Castilho,2018,70,72,71,77,107,87,79,79,77,94,83,66,58,48,40,59,3532868
Nova Europa,2018,676,697,740,773,860,932,965,885,777,681,604,537,434,339,240,323,3532900
Nova Granada,2018,1217,1208,1214,1383,1631,1747,1830,1705,1521,1362,1306,1190,972,773,605,914,3533007
Nova Guataporanga,2018,106,108,124,151,176,162,160,147,150,134,129,161,145,115,81,140,3533106
Nova Independ�ncia,2018,243,242,252,276,311,334,317,303,268,229,202,183,151,101,76,119,3533205
Nova Luzit�nia,2018,233,237,253,277,298,328,386,369,307,259,215,198,182,138,106,150,3533304
Nova Odessa,2018,3316,3305,3362,3846,4516,4871,5050,4867,4398,4104,3802,3349,2752,2055,1391,1783,3533403
Novais,2018,377,389,397,384,444,557,571,475,393,314,257,205,154,132,115,175,3533254
Novo Horizonte,2018,2227,2247,2355,2601,2868,3130,3227,3000,2783,2660,2539,2314,2017,1591,1201,1744,3533502
Nuporanga,2018,404,410,430,488,564,618,621,544,503,488,486,447,382,291,204,303,3533601
Ocau�u,2018,249,262,278,296,315,329,319,279,265,271,280,261,216,184,147,197,3533700
�leo,2018,147,144,157,194,206,176,150,152,153,159,165,178,166,143,108,152,3533809
Ol�mpia,2018,2986,3094,3168,3357,3716,4189,4492,4249,3783,3512,3344,3073,2679,2222,1716,2475,3533908
Onda Verde,2018,253,254,271,317,345,365,349,315,308,296,268,235,183,133,118,149,3534005
Oriente,2018,356,345,349,418,467,497,518,454,408,417,441,418,343,263,202,335,3534104
Orindi�va,2018,438,434,447,494,554,618,661,608,541,467,379,305,238,163,120,173,3534203
Orl�ndia,2018,2619,2565,2529,2883,3196,3413,3595,3423,3022,2864,2834,2565,2082,1579,1129,1503,3534302
Osasco,2018,47434,45830,43369,48684,53959,55316,58754,57684,52697,47342,42993,37218,30200,22390,15281,18599,3534401
Oscar Bressane,2018,131,137,140,141,166,195,178,161,168,176,178,159,146,147,125,170,3534500
Osvaldo Cruz,2018,1506,1527,1581,1984,2834,2443,2280,2246,2205,2148,2070,2019,1833,1517,1187,1830,3534609
Ourinhos,2018,7052,6976,6850,7526,8427,8680,8644,8362,7851,7463,7158,6433,5484,4435,3287,4415,3534708
Ouro Verde,2018,552,541,553,612,651,673,651,597,551,543,515,456,373,290,237,379,3534807
Ouroeste,2018,603,575,560,639,783,857,842,752,668,639,615,537,427,362,273,383,3534757
Pacaembu,2018,544,585,619,666,1278,1541,1225,1051,843,852,805,756,639,499,437,750,3534906
Palestina,2018,630,656,672,712,897,1033,1078,993,847,785,765,717,623,498,403,653,3535002
Palmares Paulista,2018,828,842,862,906,1064,1293,1460,1236,972,795,665,536,400,287,194,254,3535101
Palmeira d'Oeste,2018,422,444,498,598,660,632,588,601,650,658,691,667,590,486,406,612,3535200
Palmital,2018,1308,1303,1254,1399,1585,1551,1551,1542,1538,1459,1434,1362,1201,1048,835,1153,3535309
Panorama,2018,979,1022,1096,1173,1260,1241,1182,1133,1090,1021,894,778,680,558,424,547,3535408
Paragua�u Paulista,2018,2741,2725,2756,3091,3544,3819,3649,3379,3141,3000,2782,2482,2051,1637,1273,1742,3535507
Paraibuna,2018,1318,1243,1166,1351,1507,1459,1359,1240,1228,1186,1135,1028,858,689,554,739,3535606
Para�so,2018,354,369,374,406,478,486,516,518,441,428,409,377,316,238,189,303,3535705
Paranapanema,2018,1350,1309,1351,1617,1794,1649,1567,1523,1414,1284,1162,1030,836,612,432,587,3535804
Paranapu�,2018,190,195,225,285,318,292,272,290,298,270,258,244,213,175,145,209,3535903
Parapu�,2018,507,540,613,707,778,803,784,760,771,738,714,707,607,491,407,642,3536000
Pardinho,2018,490,453,436,499,550,526,473,431,432,403,363,303,261,216,162,228,3536109
Pariquera-A�u,2018,1397,1348,1313,1543,1682,1497,1403,1438,1377,1189,1124,984,808,678,543,770,3536208
Parisi,2018,100,106,113,124,138,154,175,156,138,143,143,132,130,99,80,121,3536257
Patroc�nio Paulista,2018,1015,988,973,1041,1162,1200,1138,1080,979,924,852,758,669,525,370,500,3536307
Paulic�ia,2018,478,456,470,553,611,617,586,552,508,459,417,349,292,242,183,215,3536406
Paul�nia,2018,7132,6740,6520,7239,8071,8747,9072,8823,8227,7294,6384,5338,4145,2999,1920,2264,3536505
Paulist�nia,2018,91,89,106,145,155,135,132,134,134,125,119,94,87,77,62,87,3536570
Paulo de Faria,2018,522,530,551,624,670,671,686,653,597,583,572,503,404,329,261,372,3536604
Pederneiras,2018,2820,2820,2946,3363,3910,3929,3754,3560,3314,3006,2702,2445,2008,1552,1104,1542,3536703
Pedra Bela,2018,351,344,348,414,487,460,448,450,451,410,353,322,315,294,212,271,3536802
Pedran�polis,2018,105,114,139,164,165,156,160,181,190,175,163,171,168,141,104,149,3536901
Pedregulho,2018,1096,1103,1099,1190,1298,1357,1350,1258,1148,1003,969,902,750,594,455,595,3537008
Pedreira,2018,2752,2679,2630,3026,3483,3887,4191,3953,3551,3210,3021,2704,2159,1606,1146,1620,3537107
Pedrinhas Paulista,2018,152,155,171,208,245,238,219,205,221,217,221,214,166,126,103,136,3537156
Pedro de Toledo,2018,757,751,835,969,988,811,696,724,727,669,600,561,508,429,336,453,3537206
Pen�polis,2018,3437,3483,3566,3948,4509,4711,4714,4652,4401,4192,4041,3822,3270,2641,2019,2956,3537305
Pereira Barreto,2018,1544,1601,1589,1673,1948,1997,1860,1797,1870,1857,1768,1488,1232,1042,845,1203,3537404
Pereiras,2018,524,522,543,604,683,729,721,633,539,483,467,468,411,344,240,329,3537503
Peru�be,2018,5493,4960,4533,5135,5466,4765,4297,4321,4291,3955,3593,3321,3075,2694,2104,2889,3537602
Piacatu,2018,347,339,339,383,475,523,492,430,394,377,369,343,272,229,188,272,3537701
Piedade,2018,3391,3380,3453,4012,4511,4215,4084,4022,3815,3595,3397,3115,2568,2020,1561,2091,3537800
Pilar do Sul,2018,2063,1948,1901,2205,2381,2302,2152,2075,1956,1795,1636,1449,1221,980,796,1007,3537909
Pindamonhangaba,2018,10616,10419,10503,12033,13430,13525,13771,13374,11871,10469,9662,8939,7664,5824,3838,4568,3538006
Pindorama,2018,872,889,916,1015,1207,1361,1437,1332,1185,1110,1021,907,802,694,521,780,3538105
Pinhalzinho,2018,803,793,867,1039,1201,1224,1170,1085,992,872,836,859,788,664,538,702,3538204
Piquerobi,2018,193,199,210,237,270,290,252,238,235,263,267,228,184,150,132,186,3538303
Piquete,2018,791,818,855,933,1028,1072,1001,928,895,905,977,989,811,634,478,603,3538501
Piracaia,2018,1608,1576,1573,1862,2159,2075,2004,1986,1998,1881,1679,1483,1269,1025,786,1084,3538600
Piracicaba,2018,22786,23020,23065,25946,28977,30810,33552,33169,29458,26341,24775,22817,19349,15301,10859,14930,3538709
Piraju,2018,1720,1724,1792,2072,2247,2210,2132,2001,1911,1859,1904,1835,1587,1290,941,1346,3538808
Piraju�,2018,1206,1214,1196,1460,2405,2456,2095,1887,1551,1371,1370,1309,1134,871,637,1037,3538907
Pirangi,2018,558,564,572,667,786,832,883,880,786,777,763,667,607,510,385,555,3539004
Pirapora do Bom Jesus,2018,1316,1299,1446,1712,1841,1683,1535,1425,1330,1138,987,778,593,451,307,347,3539103
Pirapozinho,2018,1734,1641,1587,1868,2224,2310,2148,1925,1899,1902,1857,1575,1250,958,731,1100,3539202
Pirassununga,2018,4055,4209,4359,4834,5510,5770,6053,5902,5281,4917,4875,4601,3816,3099,2375,3371,3539301
Piratininga,2018,758,728,752,938,1035,1033,1074,1072,963,829,795,778,692,553,395,592,3539400
Pitangueiras,2018,2687,2688,2755,3024,3201,3252,3390,3235,2729,2450,2254,1820,1401,1060,821,1167,3539509
Planalto,2018,383,364,345,359,385,426,439,407,363,318,314,277,225,158,108,160,3539608
Platina,2018,249,243,240,267,284,255,252,246,243,222,210,195,165,132,96,140,3539707
Po�,2018,8604,8245,7699,8652,9455,9255,9408,9104,8446,7749,7058,6200,5092,3709,2400,2643,3539806
Poloni,2018,310,331,335,319,375,470,516,446,376,356,345,341,289,232,207,367,3539905
Pomp�ia,2018,1138,1171,1231,1440,1610,1640,1779,1801,1642,1427,1364,1282,1107,858,629,908,3540002
Ponga�,2018,157,159,166,199,232,251,268,244,233,229,231,253,228,174,136,208,3540101
Pontal,2018,3437,3433,3423,3590,4123,4647,5036,4540,3704,3004,2545,2038,1504,1030,679,928,3540200
Pontalinda,2018,283,290,291,301,344,395,418,367,312,276,262,229,191,161,128,161,3540259
Pontes Gestal,2018,149,147,148,171,198,188,189,188,161,151,173,166,138,117,101,139,3540309
Populina,2018,195,213,232,250,293,312,288,281,271,264,274,283,260,197,154,270,3540408
Porangaba,2018,519,507,561,672,770,749,675,626,608,573,571,547,494,441,357,452,3540507
Porto Feliz,2018,3137,3155,3231,3679,4090,4157,4348,4167,3772,3523,3369,3044,2446,1855,1348,1828,3540606
Porto Ferreira,2018,3211,3327,3399,3630,3955,4267,4521,4406,4009,3697,3551,3267,2643,1983,1509,2232,3540705
Potim,2018,1154,1251,1412,1541,2269,2459,2005,1693,1417,1216,1141,913,680,511,382,390,3540754
Potirendaba,2018,894,913,930,978,1133,1380,1499,1379,1174,1084,1087,1015,854,690,529,859,3540804
Pracinha,2018,100,101,108,204,642,412,301,222,171,137,122,103,75,69,61,71,3540853
Prad�polis,2018,1367,1342,1325,1417,1612,1875,2063,1843,1484,1270,1157,1027,853,622,435,556,3540903
Praia Grande,2018,21419,20556,20786,23657,25820,25363,25189,24582,22363,19521,17298,15540,13722,11299,8421,10671,3541000
Prat�nia,2018,351,333,347,422,463,474,437,395,368,322,288,257,199,150,93,141,3541059
Presidente Alves,2018,224,239,245,262,306,311,327,303,293,275,266,253,225,181,128,198,3541109
Presidente Bernardes,2018,657,661,702,851,1016,1103,1046,963,928,987,1027,935,780,639,555,850,3541208
Presidente Epit�cio,2018,2631,2684,2794,3118,3329,3291,3274,3259,3078,2859,2807,2542,2078,1606,1181,1643,3541307
Presidente Prudente,2018,12614,12737,12788,14212,16412,17573,17823,17188,16302,15571,15129,13604,11408,8984,6665,9534,3541406
Presidente Venceslau,2018,1934,1999,2062,2365,2841,3061,3072,2968,2908,2681,2698,2471,2041,1720,1284,1895,3541505
Promiss�o,2018,2591,2524,2513,2773,3136,3318,3196,3016,2827,2601,2429,2170,1765,1401,1103,1510,3541604
Quadra,2018,203,217,248,270,298,283,270,272,251,254,246,204,177,155,118,150,3541653
Quat�,2018,940,925,910,993,1116,1141,1093,1060,1030,971,870,730,613,462,342,514,3541703
Queiroz,2018,208,204,233,285,298,275,271,269,241,203,171,142,111,85,75,112,3541802
Queluz,2018,805,804,864,963,1000,1068,1098,1062,952,838,751,626,517,408,275,373,3541901
Quintana,2018,377,367,372,440,504,528,549,505,480,450,395,350,310,250,212,314,3542008
Rafard,2018,624,601,572,630,652,692,755,728,652,594,579,521,397,308,235,353,3542107
Rancharia,2018,1691,1719,1818,2063,2236,2266,2179,2098,2000,2016,2077,1839,1447,1129,896,1354,3542206
Reden��o da Serra,2018,226,238,262,297,337,276,240,250,259,255,239,238,217,180,130,197,3542305
Regente Feij�,2018,1072,1115,1169,1290,1497,1529,1536,1512,1423,1359,1353,1224,1002,773,578,866,3542404
Regin�polis,2018,277,306,340,647,1488,794,538,424,378,397,344,305,281,237,185,291,3542503
Registro,2018,3714,3726,3837,4429,4588,4008,3831,4021,3993,3665,3374,2942,2431,1950,1492,2132,3542602
Restinga,2018,606,572,553,610,630,622,614,535,482,439,414,379,310,209,137,197,3542701
Ribeira,2018,219,220,247,284,288,227,187,194,202,208,186,182,165,148,123,177,3542800
Ribeir�o Bonito,2018,926,928,912,946,1008,1048,1069,993,914,845,760,650,538,430,323,501,3542909
Ribeir�o Branco,2018,1279,1296,1460,1748,1799,1436,1235,1246,1194,1094,996,806,649,560,427,485,3543006
Ribeir�o Corrente,2018,319,320,332,371,405,382,376,347,335,302,256,231,192,157,120,142,3543105
Ribeir�o do Sul,2018,238,245,258,303,353,314,301,302,309,316,308,277,249,211,166,221,3543204
Ribeir�o dos �ndios,2018,102,105,116,148,170,138,144,148,146,159,156,142,130,100,95,149,3543238
Ribeir�o Grande,2018,512,509,519,594,632,574,555,558,534,521,474,398,303,266,235,309,3543253
Ribeir�o Pires,2018,7050,7109,7089,8036,8878,9196,9934,9874,9253,8556,7956,7135,6093,4766,3269,3723,3543303
Ribeir�o Preto,2018,39882,39225,38197,43042,50519,58292,63463,59514,50676,44141,41364,38434,32621,25488,18378,25944,3543402
Rifaina,2018,180,188,218,252,262,252,252,269,250,240,244,219,192,155,123,164,3543600
Rinc�o,2018,663,698,747,805,864,831,828,811,743,719,656,562,476,388,296,389,3543709
Rin�polis,2018,508,543,583,627,680,767,783,697,640,624,630,643,582,461,368,621,3543808
Rio Claro,2018,11320,11381,11447,12885,15009,16348,17444,17008,15254,13636,12938,11955,9893,7668,5710,8434,3543907
Rio das Pedras,2018,2200,2197,2261,2485,2751,3005,3250,2969,2557,2277,1987,1669,1298,994,706,887,3544004
Rio Grande da Serra,2018,3251,3277,3474,3919,4266,4241,4328,4173,3759,3350,2911,2424,1910,1386,917,1062,3544103
Riol�ndia,2018,701,709,723,753,985,1274,1179,909,844,682,607,504,413,338,276,359,3544202
Riversul,2018,378,391,418,449,492,412,341,382,370,357,354,350,314,256,203,312,3543501
Rosana,2018,1106,1140,1225,1494,1701,1491,1279,1226,1271,1329,1279,1132,963,752,557,643,3544251
Roseira,2018,739,721,695,767,847,858,866,897,808,706,630,571,486,344,224,280,3544301
Rubi�cea,2018,172,179,201,224,253,288,271,246,230,212,197,156,118,96,79,112,3544400
Rubin�ia,2018,148,145,153,194,233,224,205,181,187,190,210,209,196,171,130,191,3544509
Sabino,2018,348,341,323,353,416,438,398,387,348,337,348,338,302,251,201,293,3544608
Sagres,2018,132,131,142,178,203,173,158,170,172,148,136,147,137,119,92,125,3544707
Sales,2018,348,344,368,415,447,469,474,453,405,396,375,353,324,269,215,287,3544806
Sales Oliveira,2018,645,648,661,762,896,966,964,892,811,762,752,679,582,471,350,501,3544905
Sales�polis,2018,1300,1203,1156,1323,1391,1298,1211,1157,1148,1096,1029,912,725,583,455,603,3545001
Salmour�o,2018,287,289,322,372,436,427,381,370,361,345,310,278,251,212,168,244,3545100
Saltinho,2018,369,376,413,495,585,655,692,685,613,528,480,456,427,371,265,311,3545159
Salto,2018,6911,6916,6992,7876,9198,9852,9997,9419,8442,7874,7674,6778,5316,3857,2681,3633,3545209
Salto de Pirapora,2018,3036,2910,2848,3283,3760,3684,3554,3336,3031,2818,2650,2409,2002,1547,1143,1422,3545308
Salto Grande,2018,613,596,606,690,724,652,628,664,648,600,549,494,446,391,301,427,3545407
Sandovalina,2018,295,290,292,328,386,351,315,301,283,274,262,226,169,123,88,125,3545506
Santa Ad�lia,2018,849,868,910,1030,1127,1160,1211,1238,1139,1023,942,837,739,598,449,667,3545605
Santa Albertina,2018,239,261,301,339,407,464,452,435,400,385,378,381,359,283,231,370,3545704
Santa B�rbara d'Oeste,2018,10529,10766,10813,11937,13731,15399,16527,15803,14190,13523,13252,12203,10129,7226,4787,6294,3545803
Santa Branca,2018,818,857,924,1032,1128,1105,1062,1026,1042,998,925,861,709,580,444,588,3546009
Santa Clara d'Oeste,2018,103,103,107,133,153,163,150,147,147,129,126,133,125,107,77,121,3546108
Santa Cruz da Concei��o,2018,207,220,252,292,349,346,360,339,297,286,265,260,234,195,154,224,3546207
Santa Cruz da Esperan�a,2018,128,131,139,159,191,171,159,148,133,117,113,107,95,85,80,98,3546256
Santa Cruz das Palmeiras,2018,2211,2174,2171,2376,2659,2945,3110,2831,2387,2096,1942,1705,1407,1093,800,1080,3546306
Santa Cruz do Rio Pardo,2018,2869,2906,2946,3207,3527,3511,3518,3433,3135,3045,2946,2741,2347,1926,1476,2138,3546405
Santa Ernestina,2018,335,360,378,401,448,493,518,484,410,366,370,288,219,171,125,166,3546504
Santa F� do Sul,2018,1567,1564,1582,1848,2266,2501,2520,2340,2200,2126,2119,1959,1692,1439,1161,1619,3546603
Santa Gertrudes,2018,1760,1734,1731,1896,2128,2297,2497,2360,2062,1741,1430,1124,839,625,450,592,3546702
Santa Isabel,2018,3804,3681,3617,4111,4467,4404,4411,4226,3920,3722,3386,2935,2497,1941,1367,1702,3546801
Santa L�cia,2018,613,617,579,617,715,705,738,682,630,579,523,447,357,257,190,254,3546900
Santa Maria da Serra,2018,451,432,426,446,498,559,564,472,379,358,350,313,235,177,136,196,3547007
Santa Mercedes,2018,158,164,193,224,236,223,209,192,188,185,187,169,131,104,91,160,3547106
Santa Rita d'Oeste,2018,108,106,108,138,158,174,166,153,149,164,176,191,177,157,125,182,3547403
Santa Rita do Passa Quatro,2018,1388,1415,1408,1558,1800,1918,1975,1926,1861,1823,1847,1802,1594,1339,1043,1711,3547502
Santa Rosa de Viterbo,2018,1473,1486,1513,1699,2051,2136,2148,1971,1781,1694,1644,1514,1233,975,779,1167,3547601
Santa Salete,2018,62,64,67,81,103,103,104,105,95,103,115,97,96,93,65,90,3547650
Santana da Ponte Pensa,2018,54,60,70,80,89,99,103,88,96,108,125,121,111,99,84,145,3547205
Santana de Parna�ba,2018,9574,9006,8992,10537,11884,11938,11531,10659,9711,8784,8056,7088,5614,3970,2418,2555,3547304
Santo Anast�cio,2018,1174,1177,1175,1338,1555,1528,1436,1383,1358,1436,1501,1309,1054,870,727,1158,3547700
Santo Andr�,2018,41350,40632,38843,43576,50036,53976,57905,56924,52427,48829,46742,43305,36773,28845,20819,29569,3547809
Santo Ant�nio da Alegria,2018,363,370,394,451,528,561,570,501,451,411,394,376,346,308,230,318,3547908
Santo Ant�nio de Posse,2018,1413,1430,1499,1703,1894,1943,1998,1865,1660,1502,1386,1194,977,728,505,727,3548005
Santo Ant�nio do Aracangu�,2018,454,463,488,564,658,678,664,651,645,615,572,486,378,308,224,287,3548054
Santo Ant�nio do Jardim,2018,304,321,357,408,428,422,441,460,445,415,373,364,337,271,199,297,3548104
Santo Ant�nio do Pinhal,2018,445,427,438,536,562,518,483,459,457,441,441,405,300,218,193,273,3548203
Santo Expedito,2018,162,161,173,197,235,251,205,198,193,199,218,186,149,127,113,172,3548302
Sant�polis do Aguape�,2018,300,307,310,322,367,411,441,387,327,280,256,237,203,147,117,181,3548401
Santos,2018,24369,23384,21679,24618,28694,30731,32351,32456,30444,28717,28801,28418,25598,21428,16741,28217,3548500
S�o Bento do Sapuca�,2018,575,587,645,762,858,782,704,718,746,758,760,689,557,460,383,526,3548609
S�o Bernardo do Campo,2018,51162,50416,48459,53976,62121,65323,69136,68678,63550,57733,53480,47614,39003,29297,19875,23948,3548708
S�o Caetano do Sul,2018,7578,7520,7063,7913,9173,10408,11821,12117,11369,10719,10893,10995,9521,7838,6039,10021,3548807
S�o Carlos,2018,13537,13692,13720,15328,17755,19687,21192,20638,18509,16644,15635,14503,12190,9402,6685,9717,3548906
S�o Francisco,2018,133,142,161,185,207,193,175,165,184,193,191,172,153,143,120,183,3549003
S�o Jo�o da Boa Vista,2018,4528,4625,4845,5562,6318,6749,7072,6930,6505,6171,6049,5685,4864,3816,2785,4175,3549102
S�o Jo�o das Duas Pontes,2018,127,133,142,169,210,180,166,173,183,185,182,179,129,102,95,137,3549201
S�o Jo�o de Iracema,2018,100,106,107,112,147,163,134,124,131,139,125,107,96,92,70,85,3549250
S�o Jo�o do Pau d'Alho,2018,84,89,97,120,157,142,128,123,129,136,142,143,134,110,104,167,3549300
S�o Joaquim da Barra,2018,3047,3066,3075,3370,3720,4036,4352,4266,3750,3358,3100,2851,2406,1902,1404,1866,3549409
S�o Jos� da Bela Vista,2018,590,616,692,733,752,722,705,652,592,549,498,408,336,290,231,292,3549508
S�o Jos� do Barreiro,2018,252,258,298,362,340,296,283,266,265,278,263,243,200,155,118,192,3549607
S�o Jos� do Rio Pardo,2018,3091,3058,3002,3383,3935,4359,4377,4058,3664,3468,3456,3399,3039,2399,1708,2564,3549706
S�o Jos� do Rio Preto,2018,24562,24578,23799,26319,31252,35738,39101,37911,34510,31288,29971,27816,23301,18171,13438,19041,3549805
S�o Jos� dos Campos,2018,47802,46378,43360,48012,54387,57409,60756,59763,53236,46962,43461,39551,33238,25047,16554,19247,3549904
S�o Louren�o da Serra,2018,1039,1002,1015,1201,1393,1342,1274,1158,1094,1050,912,788,667,516,372,423,3549953
S�o Lu�s do Paraitinga,2018,677,631,600,732,862,820,734,724,722,761,716,657,545,433,361,556,3550001
S�o Manuel,2018,2457,2459,2494,2847,3144,3100,3134,3148,3048,2763,2485,2216,1877,1496,1093,1565,3550100
S�o Miguel Arcanjo,2018,2245,2230,2289,2595,2764,2514,2384,2341,2234,2131,1956,1701,1390,1103,868,1127,3550209
S�o Paulo,2018,789575,758414,707494,797104,887589,927961,1011617,1010275,917139,814139,738058,660498,560040,433547,308557,431652,3550308
S�o Pedro,2018,1944,1926,2036,2407,2777,2736,2615,2586,2442,2236,2068,1937,1696,1468,1186,1665,3550407
S�o Pedro do Turvo,2018,490,484,508,579,622,566,531,510,468,485,466,414,358,296,229,323,3550506
S�o Roque,2018,5283,5088,5091,6074,6894,7008,7165,7017,6503,5859,5502,5032,4321,3368,2436,3203,3550605
S�o Sebasti�o,2018,6282,6053,5874,6507,7129,7234,7441,7427,6749,5747,4926,4105,3257,2340,1566,1932,3550704
S�o Sebasti�o da Grama,2018,670,704,769,867,958,943,937,914,850,808,794,724,637,508,362,507,3550803
S�o Sim�o,2018,872,884,949,1089,1151,1193,1208,1106,1018,941,944,867,746,604,467,703,3550902
S�o Vicente,2018,23916,23750,23498,25801,28230,27957,28679,29003,26512,23810,21833,19668,16754,12844,8921,11618,3551009
Sarapu�,2018,663,634,694,846,893,840,786,751,690,599,579,519,433,348,259,356,3551108
Sarutai�,2018,245,243,261,291,314,297,260,238,222,228,221,204,186,155,119,155,3551207
Sebastian�polis do Sul,2018,152,164,170,179,227,264,300,280,236,225,219,206,193,151,111,173,3551306
Serra Azul,2018,682,672,728,866,1328,1327,1172,1065,902,763,681,544,440,355,232,313,3551405
Serra Negra,2018,1454,1465,1509,1749,1965,2038,2083,2095,2032,1923,1814,1721,1538,1309,992,1568,3551603
Serrana,2018,3131,3101,3077,3309,3721,3976,4092,3712,3175,2847,2549,2134,1625,1147,773,983,3551504
Sert�ozinho,2018,7749,7688,7512,8249,9325,10313,11183,10707,9295,8110,7493,6653,5402,4065,2808,3564,3551702
Sete Barras,2018,959,964,1016,1097,1113,915,785,855,848,767,707,655,594,482,392,505,3551801
Sever�nia,2018,1071,1096,1145,1261,1447,1526,1583,1400,1205,1125,1031,877,686,493,355,505,3551900
Silveiras,2018,403,392,418,505,517,484,488,450,420,385,363,326,268,231,201,270,3552007
Socorro,2018,2118,2107,2135,2413,2774,2989,3035,2958,2750,2606,2525,2404,2188,1856,1428,2121,3552106
Sorocaba,2018,41199,39731,38605,44543,51933,55684,58033,55100,49009,44097,40872,36845,30087,22419,15478,20762,3552205
Sud Mennucci,2018,502,497,481,532,592,610,596,594,601,544,486,455,374,291,221,288,3552304
Sumar�,2018,18622,18404,18164,19938,22739,24491,25728,24704,21803,18909,16398,13938,11421,8307,5395,6186,3552403
Suzan�polis,2018,268,245,239,279,318,339,304,276,249,238,257,229,180,142,118,161,3552551
Suzano,2018,20819,19973,19711,22870,24928,23681,23447,22853,21279,19488,17502,14919,12130,9001,5932,6724,3552502
Tabapu�,2018,634,659,671,704,837,963,1030,967,856,819,805,726,617,508,399,608,3552601
Tabatinga,2018,984,971,1007,1133,1243,1355,1464,1322,1103,1025,970,880,733,523,377,568,3552700
Tabo�o da Serra,2018,22137,20612,18576,20529,22348,22808,24432,24067,21739,19022,16537,13675,10872,7869,5167,5598,3552809
Taciba,2018,353,358,388,444,498,483,454,443,438,436,420,355,265,218,165,269,3552908
Tagua�,2018,1008,936,856,924,1124,1280,1245,1023,835,735,683,621,516,400,281,367,3553005
Taia�u,2018,328,336,372,445,509,518,496,442,418,429,395,326,266,228,190,311,3553104
Tai�va,2018,256,270,291,381,620,686,618,504,423,403,394,354,322,274,192,314,3553203
Tamba�,2018,1448,1455,1471,1603,1760,1814,1782,1677,1539,1466,1466,1422,1194,922,691,1002,3553302
Tanabi,2018,1329,1340,1331,1506,1758,1923,2099,2013,1780,1706,1742,1652,1405,1129,895,1318,3553401
Tapira�,2018,543,554,620,734,733,565,504,534,523,477,442,383,320,269,238,293,3553500
Tapiratiba,2018,696,699,744,892,1082,1083,954,864,837,878,940,854,671,491,373,569,3553609
Taquaral,2018,160,159,171,208,212,220,214,209,203,178,169,170,147,116,89,118,3553658
Taquaritinga,2018,3214,3312,3435,3798,4117,4233,4368,4261,3980,3733,3611,3293,2721,2188,1661,2456,3553708
Taquarituba,2018,1578,1545,1509,1692,1903,1848,1763,1702,1587,1487,1480,1398,1166,880,615,876,3553807
Taquariva�,2018,438,418,446,527,539,507,477,427,363,318,303,271,213,147,96,132,3553856
Tarabai,2018,478,466,494,568,619,637,592,565,519,469,430,380,284,200,167,267,3553906
Tarum�,2018,1023,1010,999,1060,1176,1273,1270,1141,1064,999,913,796,581,422,308,393,3553955
Tatu�,2018,8272,7877,7640,8745,9861,9993,9998,9535,8582,7602,6926,6189,5159,4067,3059,4053,3554003
Taubat�,2018,19288,19060,18591,20808,23900,25087,25987,25235,22890,20729,19452,17371,14392,11025,7820,10221,3554102
Tejup�,2018,343,337,366,433,414,349,333,321,316,279,255,258,221,175,144,163,3554201
Teodoro Sampaio,2018,1457,1486,1584,1786,1874,1781,1763,1749,1681,1524,1414,1174,933,750,558,705,3554300
Terra Roxa,2018,572,582,592,638,711,760,781,709,609,571,559,536,448,328,239,364,3554409
Tiet�,2018,2547,2501,2456,2715,3152,3452,3619,3340,2918,2652,2534,2281,1852,1501,1111,1613,3554508
Timburi,2018,135,143,163,186,217,187,165,163,163,157,180,190,154,127,97,145,3554607
Torre de Pedra,2018,129,128,142,174,201,172,146,149,170,169,151,131,117,109,93,126,3554656
Torrinha,2018,511,523,539,601,737,827,819,738,686,637,619,593,514,432,335,524,3554706
Trabiju,2018,107,104,111,132,160,146,129,123,117,111,92,76,78,61,48,75,3554755
Trememb�,2018,2513,2525,2701,3187,4386,4532,4160,3746,3392,2962,2745,2405,1999,1519,1000,1294,883
Tr�s Fronteiras,2018,285,286,294,352,438,416,400,408,395,378,363,330,315,284,234,347,3554904
Tuiuti,2018,348,334,347,422,484,523,537,507,489,425,392,363,348,317,264,339,3554953
Tup�,2018,3265,3454,3543,3868,4318,4577,4852,4830,4588,4422,4376,4140,3603,2954,2360,3800,3555000
Tupi Paulista,2018,623,608,611,749,1146,1481,1419,1141,938,994,1011,956,881,755,588,928,3555109
Turi�ba,2018,79,92,104,103,130,149,134,125,132,136,139,134,118,109,94,139,3555208
Turmalina,2018,80,75,78,102,135,140,110,84,101,133,159,166,128,109,101,135,3555307
Ubarana,2018,403,400,436,497,527,507,509,488,444,381,324,280,241,191,130,156,3555356
Ubatuba,2018,5900,5703,5811,6904,7791,7365,7007,6901,6658,6066,5336,4550,3690,2853,1984,2351,3555406
Ubirajara,2018,301,306,317,344,368,362,380,350,292,271,272,254,247,200,136,216,3555505
Uchoa,2018,485,506,544,603,692,785,806,724,690,664,654,626,541,428,341,556,3555604
Uni�o Paulista,2018,115,115,114,122,134,130,141,150,125,111,100,83,77,67,49,79,3555703
Ur�nia,2018,394,429,487,549,593,626,652,676,628,605,586,573,543,438,351,530,3555802
Uru,2018,66,67,67,78,81,87,102,87,81,76,88,89,75,62,44,63,3555901
Urup�s,2018,695,676,673,796,927,1024,1072,1017,915,901,919,852,742,623,481,768,3556008
Valentim Gentil,2018,745,721,722,825,984,1117,1150,1057,930,831,781,710,595,452,350,463,3556107
Valinhos,2018,6733,6682,6715,7639,9044,10075,10688,10288,9608,9242,8932,7733,6139,4601,3259,4431,3556206
Valpara�so,2018,1432,1476,1468,1515,1965,2544,2386,2063,1762,1470,1393,1230,940,728,555,784,3556305
Vargem,2018,511,526,603,721,835,856,845,766,706,648,581,517,458,413,328,448,3556354
Vargem Grande do Sul,2018,2666,2681,2681,2899,3150,3194,3280,3187,2933,2781,2703,2447,2053,1602,1176,1642,3556404
Vargem Grande Paulista,2018,4122,3775,3452,3892,4280,4278,4358,4183,3771,3355,3023,2553,2027,1523,1006,1199,3556453
V�rzea Paulista,2018,8421,8299,7940,8595,9524,10177,10780,10127,8909,8007,7264,6428,5176,3591,2257,2527,3556503
Vera Cruz,2018,592,612,656,746,840,827,768,749,744,692,689,657,555,464,383,590,3556602
Vinhedo,2018,4629,4453,4320,4900,5617,6281,6941,6606,5855,5320,4918,4414,3558,2678,1876,2492,3556701
Viradouro,2018,1126,1140,1145,1263,1468,1558,1590,1477,1263,1157,1116,1027,848,679,515,776,3556800
Vista Alegre do Alto,2018,468,462,468,522,630,755,833,707,574,502,455,402,325,244,178,277,3556909
Vit�ria Brasil,2018,90,96,101,108,126,148,144,139,127,119,116,109,100,77,62,94,3556958
Votorantim,2018,8095,7884,7791,8867,9764,9937,10279,9908,8830,7820,7130,6386,5240,3894,2686,3129,3557006
Votuporanga,2018,4796,4760,4701,5407,6546,7478,7926,7389,6777,6441,6266,5851,4967,3949,3006,4172,3557105
Zacarias,2018,131,138,151,166,187,195,219,203,176,173,166,159,131,103,82,138,3557154
